related_sector,secid
超市,90.BK1552
旅游零售Ⅲ,90.BK1549
旅游零售Ⅱ,90.BK1269
百货,90.BK1551
医美耗材,90.BK1500
其他数字媒体,90.BK1295
一般零售,90.BK0482
商业地产,90.BK1345
品牌化妆品,90.BK1498
门户网站,90.BK1294
铁路运输,90.BK1485
保险Ⅲ,90.BK1358
保险Ⅱ,90.BK0474
宠物食品,90.BK1507
人工景区,90.BK1562
白酒Ⅲ,90.BK1575
白酒Ⅱ,90.BK1277
旅游综合,90.BK1561
酒店,90.BK1560
稀土,90.BK1626
氨纶,90.BK1412
酒店餐饮,90.BK1271
旅游及景区,90.BK1272
医疗美容,90.BK1253
冶钢辅料,90.BK1372
农业综合Ⅲ,90.BK1506
农业综合Ⅱ,90.BK1257
国际工程,90.BK1475
血液制品,90.BK1597
啤酒,90.BK1577
游戏Ⅲ,90.BK1301
游戏Ⅱ,90.BK1046
租赁,90.BK1365
多业态零售,90.BK1553
餐饮,90.BK1559
城商行Ⅲ,90.BK1609
自然景区,90.BK1563
诊断服务,90.BK1602
疫苗,90.BK1598
端到端供应链服务,90.BK1491
视频媒体,90.BK1296
股份制银行Ⅲ,90.BK1610
房地产综合服务,90.BK1342
线下药店,90.BK1606
生活用纸,90.BK1495
银行,90.BK1283
银行Ⅱ,90.BK0475
个护用品,90.BK1251
航运,90.BK1482
商贸零售,90.BK1213
空调,90.BK1450
数字媒体,90.BK1221
洗护用品,90.BK1496
焦炭Ⅲ,90.BK1492
焦炭Ⅱ,90.BK1249
医疗研发外包,90.BK1600
非白酒,90.BK1279
纺织鞋类制造,90.BK1347
中药Ⅲ,90.BK1608
中药Ⅱ,90.BK1040
机场,90.BK1480
美容护理,90.BK1035
国有大型银行Ⅲ,90.BK1611
院线,90.BK1300
运动服装,90.BK1355
农商行Ⅲ,90.BK1612
航天装备Ⅲ,90.BK1385
航天装备Ⅱ,90.BK1232
钾肥,90.BK1434
炼油化工,90.BK1569
通信网络设备及器件,90.BK1591
航空机场,90.BK0420
快递,90.BK1489
预加工食品,90.BK1581
物业管理,90.BK1343
其他酒类,90.BK1578
航空运输,90.BK1479
通信线缆及配套,90.BK1592
水泥制造,90.BK1464
房地产服务,90.BK1045
基建市政工程,90.BK1472
医药商业,90.BK1042
航运港口,90.BK0450
铁路公路,90.BK0421
化妆品,90.BK1252
高速公路,90.BK1483
零食,90.BK1583
交通运输,90.BK1210
家纺,90.BK1353
汽车经销商,90.BK1523
医药流通,90.BK1607
医疗服务,90.BK0727
定制家居,90.BK1539
食品饮料,90.BK0438
特种纸,90.BK1545
软饮料,90.BK1586
原材料供应链服务,90.BK1490
其他农产品加工,90.BK1505
化学工程,90.BK1476
其他养殖,90.BK1510
房地产,90.BK1202
定制家居,90.BK1539
冶钢原料,90.BK1228
综合电商,90.BK1548
广告媒体,90.BK1292
核力发电,90.BK1376
医药生物,90.BK1216
房地产开发,90.BK0451
白色家电,90.BK1239
商用载客车,90.BK1531
化学制剂,90.BK1594
住宅开发,90.BK1346
房产租赁经纪,90.BK1341
长材,90.BK1369
物流,90.BK0422
熟食,90.BK1584
基础建设,90.BK1247
化学制药,90.BK0465
人力资源服务,90.BK1568
社会服务,90.BK1214
调味发酵品Ⅲ,90.BK1576
调味发酵品Ⅱ,90.BK1278
港口,90.BK1481
食品加工,90.BK1280
食品及饲料添加剂,90.BK1429
休闲食品,90.BK1281
水泥,90.BK0424
钟表珠宝,90.BK1357
原料药,90.BK1595
厨房电器,90.BK1451
非运动服装,90.BK1352
跨境物流,90.BK1488
其他家居用品,90.BK1540
商业物业经营,90.BK1554
冰洗,90.BK1449
教育出版,90.BK1290
纺织服装设备,90.BK1401
体外诊断,90.BK1603
医疗耗材,90.BK1604
厨卫电器,90.BK1240
民爆制品,90.BK1427
成品家居,90.BK1537
装修装饰Ⅲ,90.BK1478
装修装饰Ⅱ,90.BK0725
家居用品,90.BK0440
粮食种植,90.BK1515
厨房小家电,90.BK1457
教育运营及其他,90.BK1556
医疗器械,90.BK1041
电信运营商,90.BK1587
金融控股,90.BK1359
氮肥,90.BK1432
工程机械整机,90.BK1393
农产品加工,90.BK1256
食用菌,90.BK1517
其他生物制品,90.BK1596
出版,90.BK1218
饮料乳品,90.BK1282
造纸,90.BK1267
通信设备,90.BK0448
专业连锁Ⅲ,90.BK1555
专业连锁Ⅱ,90.BK1270
服装家纺,90.BK1225
板材,90.BK1367
卫浴电器,90.BK1452
卫浴制品,90.BK1541
电视广播Ⅲ,90.BK1291
电视广播Ⅱ,90.BK1219
肉制品,90.BK1580
棉纺,90.BK1349
大众出版,90.BK1289
医疗设备,90.BK1605
炼化及贸易,90.BK1274
资产管理,90.BK1364
传媒,90.BK0486
其他石化,90.BK1570
其他家电Ⅲ,90.BK1456
其他家电Ⅱ,90.BK1243
普钢,90.BK1226
会展服务,90.BK1565
农药,90.BK1436
医院,90.BK1601
饰品,90.BK0734
商用车,90.BK1264
地面兵装Ⅲ,90.BK1382
地面兵装Ⅱ,90.BK1229
饲料,90.BK1258
粘胶,90.BK1416
非银金融,90.BK1203
钢结构,90.BK1474
仓储物流,90.BK1486
乳品,90.BK1585
粮油加工,90.BK1504
纸包装,90.BK1535
综合Ⅲ,90.BK1627
综合,90.BK1217
综合Ⅱ,90.BK0539
煤化工,90.BK1419
畜禽饲料,90.BK1508
轻工制造,90.BK1212
学历教育,90.BK1558
农化制品,90.BK0731
保健品,90.BK1579
动物保健Ⅲ,90.BK1501
动物保健Ⅱ,90.BK1254
建筑装饰,90.BK1209
塑料包装,90.BK1533
印刷,90.BK1534
林业Ⅲ,90.BK1502
林业Ⅱ,90.BK1255
公交,90.BK1484
纺织服饰,90.BK0436
期货,90.BK1361
纯碱,90.BK1417
多元金融,90.BK0738
园林工程,90.BK1473
农林牧渔,90.BK0433
汽车服务,90.BK1016
工程咨询服务Ⅲ,90.BK1471
工程咨询服务Ⅱ,90.BK0726
复合肥,90.BK1433
证券Ⅲ,90.BK1366
证券Ⅱ,90.BK0473
贸易Ⅲ,90.BK1550
贸易Ⅱ,90.BK0484
轮胎轮毂,90.BK1527
钢铁,90.BK0479
工程机械,90.BK0739
其他通信设备,90.BK1590
包装印刷,90.BK1265
果蔬加工,90.BK1503
商用载货车,90.BK1530
烘焙食品,90.BK1582
楼宇设备,90.BK1402
铁矿石,90.BK1371
其他建材Ⅲ,90.BK1468
其他化学原料,90.BK1420
通信,90.BK1215
海洋捕捞,90.BK1513
瓷砖地板,90.BK1538
印刷包装机械,90.BK1406
农用机械,90.BK1404
轨交设备Ⅲ,90.BK1394
轨交设备Ⅱ,90.BK1236
非金属材料Ⅲ,90.BK1411
非金属材料Ⅱ,90.BK1020
教育,90.BK0740
养殖业,90.BK1259
大宗用纸,90.BK1544
其他专业服务,90.BK1567
生猪养殖,90.BK1512
石油石化,90.BK0464
综合乘用车,90.BK1520
影视院线,90.BK1222
小家电,90.BK1244
水泥制品,90.BK1463
专业服务,90.BK1043
大气治理,90.BK1388
种植业,90.BK1261
公路货运,90.BK1487
种子,90.BK1518
金属包装,90.BK1532
安防设备,90.BK1445
其他能源发电,90.BK1378
水务及水治理,90.BK1390
仪器仪表,90.BK0458
煤炭,90.BK0437
航空装备Ⅲ,90.BK1384
航空装备Ⅱ,90.BK1231
培训教育,90.BK1557
跨境电商,90.BK1547
辅料,90.BK1348
产业地产,90.BK1344
聚氨酯,90.BK1426
化妆品制造及其他,90.BK1497
建筑材料,90.BK1208
固废治理,90.BK1389
线缆部件及其他,90.BK1312
专业工程,90.BK1248
钨,90.BK1625
纺织制造,90.BK1224
管材,90.BK1466
化学原料,90.BK1019
玻璃制造,90.BK1461
国防军工,90.BK1204
环境治理,90.BK1235
检测服务,90.BK1566
油气开采Ⅲ,90.BK1574
油气开采Ⅱ,90.BK1276
化学纤维,90.BK0471
纺织化学制品,90.BK1423
其他通用设备,90.BK1398
房屋建设Ⅲ,90.BK1470
房屋建设Ⅱ,90.BK1246
装修建材,90.BK0476
娱乐用品,90.BK1543
氯碱,90.BK1418
炭黑,90.BK1442
肉鸡养殖,90.BK1511
渔业,90.BK1260
航海装备Ⅲ,90.BK1383
航海装备Ⅱ,90.BK1230
照明设备Ⅲ,90.BK1460
照明设备Ⅱ,90.BK1245
涤纶,90.BK1413
环保,90.BK0728
涂料,90.BK1469
互联网电商,90.BK1268
乘用车,90.BK1262
IT服务Ⅲ,90.BK1444
IT服务Ⅱ,90.BK1238
钢铁管材,90.BK1368
其他橡胶制品,90.BK1441
综合包装,90.BK1536
动力煤,90.BK1493
其他化学纤维,90.BK1415
个护小家电,90.BK1458
家用电器,90.BK0456
信托,90.BK1363
文娱用品,90.BK1266
工程机械器件,90.BK1392
图片媒体,90.BK1297
耐火材料,90.BK1467
影视动漫制作,90.BK1299
印染,90.BK1351
其他医疗服务,90.BK1599
橡胶,90.BK1018
计算机,90.BK1207
磷肥及磷化工,90.BK1435
综合电力设备商,90.BK1323
品牌消费电子,90.BK1337
计算机设备,90.BK0735
通信终端及配件,90.BK1593
医美服务,90.BK1499
煤炭开采,90.BK1250
火电设备,90.BK1321
军工电子Ⅲ,90.BK1386
军工电子Ⅱ,90.BK1233
燃气Ⅲ,90.BK1381
燃气Ⅱ,90.BK1028
基础化工,90.BK1206
垂直应用软件,90.BK1447
水产养殖,90.BK1514
鞋帽及其他,90.BK1354
专用设备,90.BK0910
综合环境治理,90.BK1391
软件开发,90.BK0737
能源及重型设备,90.BK1403
锦纶,90.BK1414
通用设备,90.BK0545
其他纺织,90.BK1350
特钢Ⅲ,90.BK1370
特钢Ⅱ,90.BK1227
其他计算机设备,90.BK1446
其他运输设备,90.BK1522
机械设备,90.BK1205
黄金,90.BK1617
化学制品,90.BK0538
清洁小家电,90.BK1459
其他黑色家电,90.BK1454
火力发电,90.BK1377
体育Ⅲ,90.BK1564
体育Ⅱ,90.BK1273
油品石化贸易,90.BK1571
横向通用软件,90.BK1448
摩托车及其他,90.BK1263
广告营销,90.BK1220
面板,90.BK1335
通信服务,90.BK0736
汽车综合服务,90.BK1524
光学元件,90.BK1334
贵金属,90.BK0732
黑色家电,90.BK1241
其他种植业,90.BK1516
焦煤,90.BK1494
油气及炼化工程,90.BK1572
环保设备Ⅲ,90.BK1387
环保设备Ⅱ,90.BK1234
热力服务,90.BK1379
摩托车,90.BK1521
无机盐,90.BK1422
磁性材料,90.BK1618
汽车,90.BK1211
公用事业,90.BK0427
水力发电,90.BK1380
通信应用增值服务,90.BK1589
车身附件及饰件,90.BK1525
电商服务,90.BK1546
文化用品,90.BK1542
通信工程及服务,90.BK1588
其他化学制品,90.BK1428
电动乘用车,90.BK1519
其他汽车零部件,90.BK1528
光学光电子,90.BK1038
彩电,90.BK1453
制冷空调设备,90.BK1400
油服工程,90.BK1275
营销代理,90.BK1293
电力,90.BK0428
铝,90.BK1613
汽车零部件,90.BK0481
其他专用设备,90.BK1405
其他塑料制品,90.BK1440
机床工具,90.BK1395
磨具磨料,90.BK1397
油田服务,90.BK1573
膜材料,90.BK1439
金属制品,90.BK1396
电能综合服务,90.BK1373
钛白粉,90.BK1421
燃料电池,90.BK1305
氟化工,90.BK1424
蓄电池及其他电池,90.BK1306
工控设备,90.BK1407
光伏加工设备,90.BK1317
玻璃玻纤,90.BK0546
水产饲料,90.BK1509
风力发电,90.BK1374
底盘与发动机系统,90.BK1526
白银,90.BK1616
家电零部件Ⅲ,90.BK1455
家电零部件Ⅱ,90.BK1242
小金属,90.BK1027
硅料硅片,90.BK1319
汽车电子电气系统,90.BK1529
工业金属,90.BK1287
LED,90.BK1333
其他专业工程,90.BK1477
有色金属,90.BK0478
电网设备,90.BK0457
电工仪器仪表,90.BK1308
镍,90.BK1622
金属新材料,90.BK1288
铜,90.BK1615
消费电子,90.BK1037
塑料,90.BK0454
金融信息服务,90.BK1360
风电零部件,90.BK1313
光伏电池组件,90.BK1315
光伏主材,90.BK1318
消费电子零部件及组装,90.BK1338
电力设备,90.BK1200
电网自动化设备,90.BK1309
风电设备,90.BK1032
其他饰品,90.BK1356
锂,90.BK1621
能源金属,90.BK1015
自动化设备,90.BK1237
铅锌,90.BK1614
其他自动化设备,90.BK1410
激光设备,90.BK1409
电机Ⅲ,90.BK1307
电机Ⅱ,90.BK1030
锂电池,90.BK1303
其他电源设备Ⅱ,90.BK1034
电池化学品,90.BK1302
输变电设备,90.BK1311
钴,90.BK1620
光伏设备,90.BK1031
有机硅,90.BK1431
电池,90.BK1033
其他金属新材料,90.BK1619
涂料油墨,90.BK1430
改性塑料,90.BK1437
光伏发电,90.BK1375
配电设备,90.BK1310
其他电源设备Ⅲ,90.BK1322
防水材料,90.BK1465
胶黏剂及胶带,90.BK1425
风电整机,90.BK1314
其他电子Ⅲ,90.BK1336
其他电子Ⅱ,90.BK1223
电子,90.BK1201
橡胶助剂,90.BK1443
被动元件,90.BK1339
其他小金属,90.BK1624
合成树脂,90.BK1438
钼,90.BK1623
玻纤制造,90.BK1462
模拟芯片设计,90.BK1330
逆变器,90.BK1320
光伏辅材,90.BK1316
机器人,90.BK1408
文字媒体,90.BK1298
半导体材料,90.BK1325
锂电专用设备,90.BK1304
半导体设备,90.BK1326
元件,90.BK0459
半导体,90.BK1036
分立器件,90.BK1327
数字芯片设计,90.BK1331
印制电路板,90.BK1340
电子化学品Ⅲ,90.BK1332
电子化学品Ⅱ,90.BK1039
集成电路制造,90.BK1329
集成电路封测,90.BK1328
免税概念,90.BK0927
退税商店,90.BK0933
社区团购,90.BK0965
旅游酒店,90.BK0485
酿酒概念,90.BK0477
电子竞技,90.BK0853
白酒,90.BK0896
青蒿素,90.BK0872
昨日打二板以上表现,90.BK1645
零售概念,90.BK1655
特色药,90.BK1656
内贸流通,90.BK1001
单抗概念,90.BK0870
红利破净股,90.BK1636
旅游概念,90.BK0692
毛发医疗,90.BK0996
重组蛋白,90.BK1063
新零售,90.BK0825
独家药品,90.BK0676
统一大市场,90.BK1077
CAR-T细胞疗法,90.BK0986
租售同权,90.BK0822
基因测序,90.BK0693
文娱消费,90.BK1654
幽门螺杆菌概念,90.BK1056
冰雪经济,90.BK1185
肝素概念,90.BK0944
中药概念,90.BK0615
维生素,90.BK0895
CRO,90.BK0899
啤酒概念,90.BK1073
减肥药,90.BK1146
创新药,90.BK1106
长期破净,90.BK1635
超级品牌,90.BK0811
免疫治疗,90.BK0698
医美概念,90.BK0889
辅助生殖,90.BK0939
病毒防治,90.BK0675
AI制药（医疗）,90.BK1170
REITs概念,90.BK0992
预制菜概念,90.BK1025
破净股,90.BK1112
价值股,90.BK1640
红利股,90.BK1641
味蕾经济,90.BK1653
大盘价值,90.BK1666
生物疫苗,90.BK0548
2025三季报扭亏,90.BK1628
肝炎概念,90.BK1078
病原体防治,90.BK1657
短剧互动游戏,90.BK1151
低碳冶金,90.BK0979
首发经济,90.BK1186
网络游戏,90.BK0509
流感,90.BK0906
新消费,90.BK1652
谷子经济,90.BK1183
证金持股,90.BK0718
创新医疗服务,90.BK1658
昨日连板_含一字,90.BK1051
SPD概念,90.BK1147
阿兹海默,90.BK0894
低价股,90.BK1053
昨日首板,90.BK1630
央视50_,90.BK0610
化妆品概念,90.BK0974
沪企改革,90.BK0672
电商概念,90.BK0665
婴童概念,90.BK0664
调味品概念,90.BK1026
工程建设,90.BK0425
精准诊断,90.BK1659
F5G概念,90.BK1088
IPO受益,90.BK0697
养老概念,90.BK0653
体外诊断概念,90.BK0841
超跌股,90.BK1671
地摊经济,90.BK0924
乳业,90.BK0892
中特估,90.BK1139
权重股,90.BK1662
精准医疗,90.BK0806
粮食概念,90.BK1086
C2M概念,90.BK0955
昨日涨停_含一字,90.BK1050
互联网金融,90.BK0637
跨境电商,90.BK1115
海南自贸,90.BK1193
宠物经济,90.BK0993
上证50_,90.BK0611
快递概念,90.BK0990
科创板做市商,90.BK1107
空间计算,90.BK1143
生态农业,90.BK0669
猪肉概念,90.BK0882
人造肉,90.BK0866
中字头,90.BK0505
湖北自贸,90.BK0926
数字水印,90.BK1129
粤港自贸,90.BK0677
网红经济,90.BK0940
茅指数,90.BK0999
昨日涨停,90.BK0815
参股银行,90.BK0525
AI语料,90.BK1172
鸡肉概念,90.BK0887
造纸印刷,90.BK0470
AB股,90.BK0498
合成生物,90.BK1174
数据确权,90.BK1118
供销社概念,90.BK1109
小盘价值,90.BK1668
知识产权,90.BK0839
屏下摄像,90.BK0947
参股券商,90.BK0514
食品安全,90.BK0614
蚂蚁概念,90.BK0937
农药兽药,90.BK0730
影视概念,90.BK0847
DRG/DIP,90.BK1054
互联医疗,90.BK0837
户外露营,90.BK1079
农业种植,90.BK0888
全息技术,90.BK0699
汽车拆解,90.BK0943
滨海新区,90.BK0566
虚拟数字人,90.BK1055
草甘膦,90.BK0950
彩票概念,90.BK0671
上证180_,90.BK0612
破增发价股,90.BK1673
土地流转,90.BK0632
破发股,90.BK1672
冷链物流,90.BK0852
体育产业,90.BK0708
标准普尔,90.BK0879
工业大麻,90.BK0856
净水概念,90.BK1068
参股保险,90.BK0604
东北振兴,90.BK0838
微盘股,90.BK1158
民爆概念,90.BK1066
AH股,90.BK0499
6G概念,90.BK0964
中盘价值,90.BK1670
包装材料,90.BK0733
行业龙头,90.BK1661
跨境支付,90.BK1071
参股期货,90.BK0524
医废处理,90.BK0914
光纤概念,90.BK1660
装配建筑,90.BK0945
HS300_,90.BK0500
券商概念,90.BK0711
医疗器械概念,90.BK0668
新型城镇化,90.BK1080
托育服务,90.BK1074
富时罗素,90.BK0867
海绵城市,90.BK0724
在线教育,90.BK0662
长寿药,90.BK0936
汽车整车,90.BK1029
雅下水电概念,90.BK1192
PPP模式,90.BK0721
裸眼3D,90.BK1142
京津冀,90.BK0684
央国企改革,90.BK0683
北斗导航,90.BK0629
数字经济,90.BK1061
深证100R,90.BK0743
小红书概念,90.BK1187
代糖概念,90.BK0938
航母概念,90.BK0715
通用航空,90.BK0625
成渝特区,90.BK0534
卫星互联网,90.BK0921
石墨烯,90.BK0617
房屋检测,90.BK1179
一带一路,90.BK0712
雄安新区,90.BK0813
抖音概念(字节概念),90.BK0923
长江三角,90.BK0594
交运设备,90.BK0429
国资云概念,90.BK1008
黄金概念,90.BK0547
ST股,90.BK0511
西部大开发,90.BK0590
2025三季报预减,90.BK1199
航天航空,90.BK0480
数字孪生,90.BK0861
化债(AMC)概念,90.BK0980
微盘精选,90.BK1644
北交所概念,90.BK0925
中俄贸易概念,90.BK1072
可燃冰,90.BK0818
煤化工概念,90.BK0492
周期股,90.BK1639
华为欧拉,90.BK1013
社保重仓,90.BK0520
乡村振兴,90.BK0834
参股新三板,90.BK0600
毫米波概念,90.BK1124
建筑节能,90.BK1076
共享经济,90.BK0807
创投,90.BK0506
船舶制造,90.BK0729
B股,90.BK0636
区块链,90.BK0830
大盘股,90.BK1663
举牌,90.BK0685
数字阅读,90.BK0959
最近多板,90.BK1638
上海自贸,90.BK0643
元宇宙概念,90.BK1009
2025年报预减,90.BK1678
垃圾分类,90.BK0873
机构重仓,90.BK0552
水利建设,90.BK0597
职业教育,90.BK1022
宁组合,90.BK1000
财税数字化,90.BK1176
智慧城市,90.BK0628
AIGC概念,90.BK1111
智能电视,90.BK0656
发电机概念,90.BK1014
AI智能体,90.BK0809
并购重组概念,90.BK1181
AI应用,90.BK1629
页岩气,90.BK0603
化工原料,90.BK0512
碳基材料,90.BK1006
空间站概念,90.BK0994
反内卷概念,90.BK1197
天然气,90.BK0843
地下管网,90.BK1058
智慧政务,90.BK0886
工程机械概念,90.BK0991
油气资源,90.BK1649
养老金,90.BK0823
生物质能发电,90.BK1098
转基因,90.BK0907
海洋经济,90.BK0623
电子纸概念,90.BK1057
数据要素,90.BK1135
铁路基建,90.BK0592
大数据,90.BK0634
拼多多概念,90.BK0957
安防概念,90.BK0667
鸿蒙概念,90.BK0953
ERP概念,90.BK1133
QFII重仓,90.BK0535
GDR,90.BK0868
快手概念,90.BK0972
贬值受益,90.BK0812
WiFi,90.BK0915
微利股,90.BK1642
IPv6,90.BK0897
沪股通,90.BK0707
DeepSeek概念,90.BK1188
MSCI中国,90.BK0821
铜缆高速连接,90.BK1168
独角兽,90.BK0835
股权转让,90.BK0803
土壤修复,90.BK1070
融资融券,90.BK0596
数字货币,90.BK0883
工业气体,90.BK0981
刀片电池,90.BK0951
移动支付,90.BK0556
人工智能,90.BK0800
ChatGPT概念,90.BK1126
军民融合,90.BK0808
股权激励,90.BK0567
人脑工程,90.BK0706
上证380,90.BK0705
3D玻璃,90.BK0881
多模态AI,90.BK1153
昨日连板,90.BK0816
国产软件,90.BK0696
阿里概念,90.BK0689
水产概念,90.BK0967
深股通,90.BK0804
时空大数据,90.BK1130
深成500,90.BK0568
东数西算,90.BK1064
虚拟现实,90.BK0722
核能核电,90.BK0577
磷化工,90.BK1010
小盘股,90.BK1643
中证500,90.BK0701
Web3.0,90.BK1110
低空经济,90.BK1166
2025年报扭亏,90.BK1679
信创,90.BK1104
深圳特区,90.BK0549
军工,90.BK0490
碳交易,90.BK0966
超清视频,90.BK0859
东方财富热股,90.BK1637
增强现实,90.BK0801
网络安全,90.BK0655
次新股,90.BK0501
抗菌面料,90.BK1116
MicroLED,90.BK0948
超超临界发电,90.BK1087
节能环保,90.BK0494
车联网(车路云),90.BK0920
大飞机,90.BK0814
中盘股,90.BK1664
玻璃基板,90.BK1175
尾气治理,90.BK0932
云计算,90.BK0579
2025年报预增,90.BK1677
汽车一体化压铸,90.BK1093
超导概念,90.BK0679
智谱AI概念,90.BK1182
生物识别,90.BK0970
数据安全,90.BK1047
转债标的,90.BK0528
智能家居,90.BK0680
显示技术,90.BK1651
轮毂电机,90.BK1099
绿色电力,90.BK1024
盲盒经济,90.BK0954
百度概念,90.BK0845
互联网服务,90.BK0447
CPO概念,90.BK1128
2026一季报预增,90.BK1680
华为昇腾,90.BK0995
智慧灯杆,90.BK1069
油气设服,90.BK0606
海工装备,90.BK0601
电子身份证,90.BK1075
2026一季报预减,90.BK1681
创业板综,90.BK0742
氢能源,90.BK0864
降解塑料,90.BK0909
碳纤维,90.BK1171
物联网,90.BK0554
无人机,90.BK0704
稀土永磁,90.BK0578
可控核聚变,90.BK1163
商业航天,90.BK0963
电子车牌,90.BK0982
ETC,90.BK0875
2025三季报预增,90.BK1198
工业互联,90.BK0832
算力概念,90.BK1134
量子科技,90.BK0710
核污染防治,90.BK0983
燃料电池概念,90.BK0682
磁悬浮概念,90.BK0975
稀缺资源,90.BK0519
边缘计算,90.BK0860
数据中心,90.BK0922
钠离子电池,90.BK0988
华为概念,90.BK0854
动力电池回收,90.BK1052
创业成份,90.BK0638
无人驾驶,90.BK0802
昨日高振幅,90.BK1633
专精特新,90.BK1005
资源开采概念,90.BK1017
钒电池,90.BK1095
有机硅概念,90.BK0961
历史新高,90.BK1675
飞行汽车(eVTOL),90.BK1157
环氧丙烷,90.BK1011
锂矿概念,90.BK1173
空气能热泵,90.BK1102
新能源,90.BK0493
抽水蓄能,90.BK1003
UWB概念,90.BK0880
混合现实,90.BK1141
机器人概念,90.BK1090
VPN,90.BK0885
华为汽车,90.BK0984
特高压,90.BK0918
氦气概念,90.BK0949
风能,90.BK0595
充电桩,90.BK0700
电池技术,90.BK1648
百日新高,90.BK1676
光伏概念,90.BK0588
基金重仓,90.BK0536
氟化工概念,90.BK0690
钛白粉概念,90.BK0805
小金属概念,90.BK0695
换电概念,90.BK0985
3D打印,90.BK0619
小盘成长,90.BK1667
汽车热管理,90.BK1089
储能概念,90.BK0989
培育钻石,90.BK1023
液冷概念,90.BK1138
新型工业化,90.BK1150
机器视觉,90.BK0998
虚拟电厂,90.BK0958
锂电池概念,90.BK0574
新材料,90.BK0523
虚拟机器人,90.BK1190
通信技术,90.BK1650
新能源车,90.BK0900
电网概念,90.BK1647
腾讯云,90.BK1189
5G概念,90.BK0714
智能电网,90.BK0581
Kimi概念,90.BK1169
电子烟,90.BK0865
近期新高,90.BK1674
小米汽车,90.BK1155
中盘成长,90.BK1669
昨日高换手,90.BK1632
传感器,90.BK0905
柔性屏(折叠屏),90.BK1160
植物照明,90.BK1007
复合集流体,90.BK1113
地热能,90.BK0622
特斯拉概念,90.BK0644
熔盐储能,90.BK1103
LED概念,90.BK0580
大盘成长,90.BK1665
MiniLED,90.BK0902
钙钛矿电池,90.BK1094
PVDF概念,90.BK1012
EDR概念,90.BK1049
固态电池,90.BK0968
工业母机,90.BK1004
胎压监测,90.BK0898
智能穿戴,90.BK0641
激光雷达,90.BK1002
光通信模块,90.BK1136
小米概念,90.BK0833
EDA概念,90.BK0946
HJT电池,90.BK0908
3D摄像头,90.BK0901
氮化镓,90.BK0916
科创板做市股,90.BK1108
百元股,90.BK1059
国产芯片,90.BK0891
PLC概念,90.BK1119
2026一季报扭亏,90.BK1682
消费电子概念,90.BK1646
电子后视镜,90.BK1125
MLOps概念,90.BK1132
AI眼镜,90.BK1178
英伟达概念,90.BK1161
OLED,90.BK0840
TOPCon电池,90.BK1097
苹果概念,90.BK0666
人形机器人,90.BK1184
BC电池,90.BK1148
PEEK材料概念,90.BK1156
减速器,90.BK1100
同步磁阻电机,90.BK1131
华为海思,90.BK1180
第三代半导体,90.BK0952
无线充电,90.BK0960
高压快充,90.BK1144
半导体概念,90.BK0917
纳米银,90.BK0855
荣耀概念,90.BK1177
无线耳机,90.BK0893
昨日触板,90.BK0817
光刻机(胶),90.BK0884
噪声防治,90.BK1082
AI芯片,90.BK1127
昨日炸板,90.BK1631
IGBT概念,90.BK1048
麒麟电池,90.BK1092
先进封装,90.BK1101
AIPC,90.BK1164
碳化硅,90.BK0977
PCB,90.BK0877
汽车芯片,90.BK0969
被动元件概念,90.BK0976
存储芯片,90.BK1137
中芯概念,90.BK0935
AI手机,90.BK1162
机器人执行器,90.BK1145
第四代半导体,90.BK1121
超级电容,90.BK0703
蓝宝石,90.BK0674
MLCC,90.BK0890
高带宽内存,90.BK1152
